target,baseline_mae,ridge_mae,ridge_r2,knn_mae,knn_r2
final_score,0.7530834674835205,0.367550253868103,0.726399302482605,0.41697575936317444,0.6350996070656912
base_color_score,0.553621768951416,0.46873751282691956,0.4879092574119568,0.5140799538254738,0.3843941809112692
normal_map_score,1.3665778636932373,0.6701626181602478,0.6619417667388916,0.7173444883754477,0.5521641968105977
roughness_score,1.0468480587005615,0.44664373993873596,0.7885428667068481,0.5520996493080631,0.6812046323690852
metallic_score,1.8479784727096558,1.1170718669891357,0.5198054313659668,1.1807251327106962,0.43207868015368045
