{
  "num_assets": 37996,
  "valid_tier_assets": 37447,
  "tier_counts": {
    "1": 57,
    "2": 1978,
    "3": 10523,
    "4": 15266,
    "5": 9623
  },
  "final_score_mean_by_tier": {
    "1": 4.6566667556762695,
    "2": 3.804893970489502,
    "3": 2.9392454624176025,
    "4": 1.9778960943222046,
    "5": 1.1778894662857056
  },
  "channels": {
    "normal_map": {
      "label_vs_expected_mae": 0.5681475400924683,
      "label_vs_expected_corr": 0.8312385728829771,
      "predicted_expected_mean": 1.5401798486709595,
      "label_mean": 1.3685650825500488,
      "predicted_class_counts": {
        "0": 26809,
        "5": 11187
      },
      "label_class_counts": {
        "0": 16931,
        "1": 4085,
        "2": 5534,
        "3": 9260,
        "4": 1863,
        "5": 323
      },
      "predicted_expected_mean_by_tier": {
        "1": 4.830990314483643,
        "2": 3.8385279178619385,
        "3": 2.8247594833374023,
        "4": 1.1469682455062866,
        "5": 0.3438339829444885
      },
      "label_mean_by_tier": {
        "1": 4.842105388641357,
        "2": 3.623356819152832,
        "3": 2.7314453125,
        "4": 0.9865059852600098,
        "5": 0.07835394144058228
      }
    },
    "roughness": {
      "label_vs_expected_mae": 0.6034952402114868,
      "label_vs_expected_corr": 0.8713549070576213,
      "predicted_expected_mean": 1.9843482971191406,
      "label_mean": 2.2188913822174072,
      "predicted_class_counts": {
        "0": 23135,
        "2": 530,
        "3": 2094,
        "5": 12237
      },
      "label_class_counts": {
        "0": 4296,
        "1": 6096,
        "2": 10907,
        "3": 11108,
        "4": 4870,
        "5": 719
      },
      "predicted_expected_mean_by_tier": {
        "1": 4.0677876472473145,
        "2": 3.584972620010376,
        "3": 2.7517001628875732,
        "4": 1.8466440439224243,
        "5": 1.1226667165756226
      },
      "label_mean_by_tier": {
        "1": 4.140350818634033,
        "2": 3.5091001987457275,
        "3": 2.8346478939056396,
        "4": 2.143587112426758,
        "5": 1.5034812688827515
      }
    },
    "metallic": {
      "label_vs_expected_mae": 1.0996603965759277,
      "label_vs_expected_corr": 0.6297966070488211,
      "predicted_expected_mean": 3.0190908908843994,
      "label_mean": 2.4565744400024414,
      "predicted_class_counts": {
        "0": 14937,
        "5": 23059
      },
      "label_class_counts": {
        "0": 10620,
        "1": 5593,
        "2": 2318,
        "3": 4970,
        "4": 4274,
        "5": 10221
      },
      "predicted_expected_mean_by_tier": {
        "1": 4.676083087921143,
        "2": 4.190252780914307,
        "3": 3.466005563735962,
        "4": 3.134373903274536,
        "5": 2.093229055404663
      },
      "label_mean_by_tier": {
        "1": 4.842105388641357,
        "2": 4.361476421356201,
        "3": 3.113370656967163,
        "4": 2.663893699645996,
        "5": 1.1356126070022583
      }
    },
    "base_color": {
      "label_vs_expected_mae": 0.6211334466934204,
      "label_vs_expected_corr": 0.6210733034189074,
      "predicted_expected_mean": 3.1652872562408447,
      "label_mean": 2.9413886070251465,
      "predicted_class_counts": {
        "0": 7620,
        "5": 30376
      },
      "label_class_counts": {
        "0": 1027,
        "1": 543,
        "2": 7484,
        "3": 21089,
        "4": 6282,
        "5": 1571
      },
      "predicted_expected_mean_by_tier": {
        "1": 4.132019996643066,
        "2": 3.860710382461548,
        "3": 3.482880115509033,
        "4": 3.13087797164917,
        "5": 2.7916860580444336
      },
      "label_mean_by_tier": {
        "1": 4.789473533630371,
        "2": 4.06622838973999,
        "3": 3.311223030090332,
        "4": 2.935215473175049,
        "5": 2.465343475341797
      }
    }
  },
  "embedding_validation": {
    "final_score_ridge_mae": 0.367550253868103,
    "final_score_ridge_r2": 0.726399302482605,
    "tier_linear_acc": 0.6316,
    "tier_linear_macro_f1": 0.538603401348613
  },
  "fusion_validation": {
    "final_score_gbdt_mae": 0.328659616175131,
    "final_score_gbdt_r2": 0.7394371779760708,
    "tier_gbdt_acc": 0.6861666666666667,
    "tier_gbdt_macro_f1": 0.5409174344900647
  }
}